,Integrations,IMSS
1,sctransform,0.03855555555555551
2,harmony,0.05892789884315308
0,cca,0.07332663989290494
5,ingest,0.14660209846650524
3,fastmnn,0.21956820016142045
4,bbknn,0.3743166532149583
