,Integrations,IMSS
1,sctransform,0.03329718875502008
0,cca,0.0562864792503347
2,harmony,0.0723634651600753
5,ingest,0.14200295937584073
3,fastmnn,0.226394942157654
4,bbknn,0.37301856335754646
