,Integrations,IMSS
1,sctransform,0.04194377510040165
0,cca,0.05656091030789828
2,harmony,0.07032015065913372
5,ingest,0.1373190745224644
3,fastmnn,0.22008474576271186
4,bbknn,0.3818966908797418
