,Integrations,CTRL,STIM
0,cca,0.0593172690763053,0.053255689424364094
1,sctransform,0.002599732262382859,0.0639946452476573
2,harmony,0.07697605595910684,0.06775087436104377
3,fastmnn,0.20882970137207424,0.24396018294323374
4,bbknn,0.41167877320419705,0.3343583535108959
5,ingest,0.06283292978208233,0.22117298896959914
