,Integrations,CTRL,STIM
0,cca,0.04653012048192773,0.06659170013386884
1,sctransform,0.03385006693440429,0.05003748326639901
2,harmony,0.07164379876244287,0.06899650255582457
3,fastmnn,0.19191014258810868,0.24825934893731505
4,bbknn,0.4104277643260696,0.3533656174334141
5,ingest,0.05596448748991123,0.21867366155501755
