,Integrations,CTRL,STIM
0,cca,0.06307095046854083,0.08358232931726906
1,sctransform,0.035515394912985276,0.04159571619812574
2,harmony,0.04330104923325262,0.07455474845305354
3,fastmnn,0.20826203927898845,0.2308743610438525
4,bbknn,0.4011702986279257,0.3474630078019909
5,ingest,0.05794188861985472,0.23526230831315575
